[
  {
    "id": "1756839693275",
    "nome": "Micro-Ondas Mondial",
    "preco": 553.8,
    "descricao": "Micro-Ondas Mondial 21L 220v Branco",
    "categoria": "Geral",
    "imagem": "https://drive.google.com/file/d/1xo85F2tyPEEOoAOslj7Dp4BWuTydEHS9/view?usp=drive_link",
    "createdAt": "2025-09-02T19:01:33.275Z",
    "updatedAt": "2025-09-02T19:02:07.783Z"
  },
  {
    "id": "1756840068630",
    "nome": "iPhone 16 Pro",
    "preco": 8898.99,
    "descricao": "iPhone 16 Pro 256gb Titânio Preto",
    "categoria": "Eletrônicos",
    "imagem": "https://drive.google.com/file/d/1zpYm8misr728x_Rj24D66AcEGzv5CAIZ/view?usp=drive_link",
    "createdAt": "2025-09-02T19:07:48.630Z",
    "updatedAt": "2025-09-02T19:07:48.630Z"
  },
  {
    "id": "1756840254991",
    "nome": "Kit Cozinha De Brinquedo Infantil Completa Com Comidinhas 30 Pcs",
    "preco": 66.66,
    "descricao": "Kit Cozinha De Brinquedo Infantil Completa Com Comidinhas 30 Pcs Acessórios Eletrodomésticos",
    "categoria": "Geral",
    "imagem": "https://drive.google.com/file/d/1vMNeMJmAfT2FkXPoMwu8qpsNCnv2tgsj/view?usp=drive_link",
    "createdAt": "2025-09-02T19:10:54.991Z",
    "updatedAt": "2025-09-02T19:11:21.128Z"
  },
  {
    "id": "1756840423126",
    "nome": "Boneco Labubu",
    "preco": 175.99,
    "descricao": "Boneco Labubu Pelúcia Pop Mart Colecionável Novo Monstrinho",
    "categoria": "Geral",
    "imagem": "https://drive.google.com/file/d/1_wPpAss0bZqi-Eqyw4xPyLIyzhKOkfND/view?usp=drive_link",
    "createdAt": "2025-09-02T19:13:43.126Z",
    "updatedAt": "2025-09-02T19:13:43.126Z"
  },
  {
    "id": "1756844533344",
    "nome": "Tube Top",
    "preco": 53.8,
    "descricao": "Cropped Tube Top",
    "categoria": "Geral",
    "imagem": "https://drive.google.com/file/d/1S6aZXO0eysB972taQVFug63j2JBMKVW4/view?usp=drive_link",
    "createdAt": "2025-09-02T20:22:13.344Z",
    "updatedAt": "2025-09-02T20:22:13.344Z"
  },
  {
    "id": "1756844629550",
    "nome": "Blush Liquido Rare Beauty",
    "preco": 199.9,
    "descricao": "Blush Liquido Rare Beauty Soft Pinch",
    "categoria": "Geral",
    "imagem": "https://drive.google.com/file/d/1Krtdt1in3OQ_qxMh5kDBlhI7uULFKuq6/view?usp=drive_link",
    "createdAt": "2025-09-02T20:23:49.550Z",
    "updatedAt": "2025-09-02T20:23:49.550Z"
  },
  {
    "id": "1756844783216",
    "nome": "Carrinho de Brinquedo",
    "preco": 249.95,
    "descricao": "Brinquedo Carro Carrinho de Controle Remoto Relâmpago McQueen: Carros 2 Filme Disney Mega Saldão 2024 - MKP",
    "categoria": "Geral",
    "imagem": "https://drive.google.com/file/d/1kHAdxKorPvS9ZJIlteKSUNWP0dBjvGUe/view?usp=drive_link",
    "createdAt": "2025-09-02T20:26:23.216Z",
    "updatedAt": "2025-09-02T20:26:23.216Z"
  },
  {
    "id": "1756844902088",
    "nome": "Prancha de Cabelo",
    "preco": 538.89,
    "descricao": "Prancha/ Chapinha de Cabelo Babyliss Pro Nano Titanium - Tradicional Azul 1 ¹/4 450ºF (230ºC) Original By Roger",
    "categoria": "Geral",
    "imagem": "https://drive.google.com/file/d/1JWhxZkDstfgUQefF8BYWrCVxvoi3eABu/view?usp=drive_link",
    "createdAt": "2025-09-02T20:28:22.088Z",
    "updatedAt": "2025-09-02T20:28:22.088Z"
  },
  {
    "id": "1756845045119",
    "nome": "Cadeira Gamer",
    "preco": 2651.26,
    "descricao": "Cadeira Gamer Elements Magna",
    "categoria": "Geral",
    "imagem": "https://drive.google.com/file/d/1O8J3nUKC7xRk-TEzOhMAve_58aB4F3rl/view?usp=drive_link",
    "createdAt": "2025-09-02T20:30:45.119Z",
    "updatedAt": "2025-09-02T20:30:45.119Z"
  }
]